GISJOIN,YEAR,STATE,STATEFP,STATENH,NAME,AV0AA,AV0AAM
"G010","1990","Alabama","01","010","Alabama",4040587,
"G020","1990","Alaska","02","020","Alaska",550043,
"G040","1990","Arizona","04","040","Arizona",3665228,
"G050","1990","Arkansas","05","050","Arkansas",2350725,
"G060","1990","California","06","060","California",29760021,
"G080","1990","Colorado","08","080","Colorado",3294394,
"G090","1990","Connecticut","09","090","Connecticut",3287116,
"G100","1990","Delaware","10","100","Delaware",666168,
"G110","1990","District of Columbia","11","110","District of Columbia",606900,
"G120","1990","Florida","12","120","Florida",12937926,
"G130","1990","Georgia","13","130","Georgia",6478216,
"G150","1990","Hawaii","15","150","Hawaii",1108229,
"G160","1990","Idaho","16","160","Idaho",1006749,
"G170","1990","Illinois","17","170","Illinois",11430602,
"G180","1990","Indiana","18","180","Indiana",5544159,
"G190","1990","Iowa","19","190","Iowa",2776755,
"G200","1990","Kansas","20","200","Kansas",2477574,
"G210","1990","Kentucky","21","210","Kentucky",3685296,
"G220","1990","Louisiana","22","220","Louisiana",4219973,
"G230","1990","Maine","23","230","Maine",1227928,
"G240","1990","Maryland","24","240","Maryland",4781468,
"G250","1990","Massachusetts","25","250","Massachusetts",6016425,
"G260","1990","Michigan","26","260","Michigan",9295297,
"G270","1990","Minnesota","27","270","Minnesota",4375099,
"G280","1990","Mississippi","28","280","Mississippi",2573216,
"G290","1990","Missouri","29","290","Missouri",5117073,
"G300","1990","Montana","30","300","Montana",799065,
"G310","1990","Nebraska","31","310","Nebraska",1578385,
"G320","1990","Nevada","32","320","Nevada",1201833,
"G330","1990","New Hampshire","33","330","New Hampshire",1109252,
"G340","1990","New Jersey","34","340","New Jersey",7730188,
"G350","1990","New Mexico","35","350","New Mexico",1515069,
"G360","1990","New York","36","360","New York",17990455,
"G370","1990","North Carolina","37","370","North Carolina",6628637,
"G380","1990","North Dakota","38","380","North Dakota",638800,
"G390","1990","Ohio","39","390","Ohio",10847115,
"G400","1990","Oklahoma","40","400","Oklahoma",3145585,
"G410","1990","Oregon","41","410","Oregon",2842321,
"G420","1990","Pennsylvania","42","420","Pennsylvania",11881643,
"G440","1990","Rhode Island","44","440","Rhode Island",1003464,
"G450","1990","South Carolina","45","450","South Carolina",3486703,
"G460","1990","South Dakota","46","460","South Dakota",696004,
"G470","1990","Tennessee","47","470","Tennessee",4877185,
"G480","1990","Texas","48","480","Texas",16986510,
"G490","1990","Utah","49","490","Utah",1722850,
"G500","1990","Vermont","50","500","Vermont",562758,
"G510","1990","Virginia","51","510","Virginia",6187358,
"G530","1990","Washington","53","530","Washington",4866692,
"G540","1990","West Virginia","54","540","West Virginia",1793477,
"G550","1990","Wisconsin","55","550","Wisconsin",4891769,
"G560","1990","Wyoming","56","560","Wyoming",453588,
"G010","2000","Alabama","01","010","Alabama",4447100,
"G020","2000","Alaska","02","020","Alaska",626932,
"G040","2000","Arizona","04","040","Arizona",5130632,
"G050","2000","Arkansas","05","050","Arkansas",2673400,
"G060","2000","California","06","060","California",33871648,
"G080","2000","Colorado","08","080","Colorado",4301261,
"G090","2000","Connecticut","09","090","Connecticut",3405565,
"G100","2000","Delaware","10","100","Delaware",783600,
"G110","2000","District of Columbia","11","110","District of Columbia",572059,
"G120","2000","Florida","12","120","Florida",15982378,
"G130","2000","Georgia","13","130","Georgia",8186453,
"G150","2000","Hawaii","15","150","Hawaii",1211537,
"G160","2000","Idaho","16","160","Idaho",1293953,
"G170","2000","Illinois","17","170","Illinois",12419293,
"G180","2000","Indiana","18","180","Indiana",6080485,
"G190","2000","Iowa","19","190","Iowa",2926324,
"G200","2000","Kansas","20","200","Kansas",2688418,
"G210","2000","Kentucky","21","210","Kentucky",4041769,
"G220","2000","Louisiana","22","220","Louisiana",4468976,
"G230","2000","Maine","23","230","Maine",1274923,
"G240","2000","Maryland","24","240","Maryland",5296486,
"G250","2000","Massachusetts","25","250","Massachusetts",6349097,
"G260","2000","Michigan","26","260","Michigan",9938444,
"G270","2000","Minnesota","27","270","Minnesota",4919479,
"G280","2000","Mississippi","28","280","Mississippi",2844658,
"G290","2000","Missouri","29","290","Missouri",5595211,
"G300","2000","Montana","30","300","Montana",902195,
"G310","2000","Nebraska","31","310","Nebraska",1711263,
"G320","2000","Nevada","32","320","Nevada",1998257,
"G330","2000","New Hampshire","33","330","New Hampshire",1235786,
"G340","2000","New Jersey","34","340","New Jersey",8414350,
"G350","2000","New Mexico","35","350","New Mexico",1819046,
"G360","2000","New York","36","360","New York",18976457,
"G370","2000","North Carolina","37","370","North Carolina",8049313,
"G380","2000","North Dakota","38","380","North Dakota",642200,
"G390","2000","Ohio","39","390","Ohio",11353140,
"G400","2000","Oklahoma","40","400","Oklahoma",3450654,
"G410","2000","Oregon","41","410","Oregon",3421399,
"G420","2000","Pennsylvania","42","420","Pennsylvania",12281054,
"G440","2000","Rhode Island","44","440","Rhode Island",1048319,
"G450","2000","South Carolina","45","450","South Carolina",4012012,
"G460","2000","South Dakota","46","460","South Dakota",754844,
"G470","2000","Tennessee","47","470","Tennessee",5689283,
"G480","2000","Texas","48","480","Texas",20851820,
"G490","2000","Utah","49","490","Utah",2233169,
"G500","2000","Vermont","50","500","Vermont",608827,
"G510","2000","Virginia","51","510","Virginia",7078515,
"G530","2000","Washington","53","530","Washington",5894121,
"G540","2000","West Virginia","54","540","West Virginia",1808344,
"G550","2000","Wisconsin","55","550","Wisconsin",5363675,
"G560","2000","Wyoming","56","560","Wyoming",493782,
"G010","2010","Alabama","01","010","Alabama",4779736,
"G020","2010","Alaska","02","020","Alaska",710231,
"G040","2010","Arizona","04","040","Arizona",6392017,
"G050","2010","Arkansas","05","050","Arkansas",2915918,
"G060","2010","California","06","060","California",37253956,
"G080","2010","Colorado","08","080","Colorado",5029196,
"G090","2010","Connecticut","09","090","Connecticut",3574097,
"G100","2010","Delaware","10","100","Delaware",897934,
"G110","2010","District of Columbia","11","110","District of Columbia",601723,
"G120","2010","Florida","12","120","Florida",18801310,
"G130","2010","Georgia","13","130","Georgia",9687653,
"G150","2010","Hawaii","15","150","Hawaii",1360301,
"G160","2010","Idaho","16","160","Idaho",1567582,
"G170","2010","Illinois","17","170","Illinois",12830632,
"G180","2010","Indiana","18","180","Indiana",6483802,
"G190","2010","Iowa","19","190","Iowa",3046355,
"G200","2010","Kansas","20","200","Kansas",2853118,
"G210","2010","Kentucky","21","210","Kentucky",4339367,
"G220","2010","Louisiana","22","220","Louisiana",4533372,
"G230","2010","Maine","23","230","Maine",1328361,
"G240","2010","Maryland","24","240","Maryland",5773552,
"G250","2010","Massachusetts","25","250","Massachusetts",6547629,
"G260","2010","Michigan","26","260","Michigan",9883640,
"G270","2010","Minnesota","27","270","Minnesota",5303925,
"G280","2010","Mississippi","28","280","Mississippi",2967297,
"G290","2010","Missouri","29","290","Missouri",5988927,
"G300","2010","Montana","30","300","Montana",989415,
"G310","2010","Nebraska","31","310","Nebraska",1826341,
"G320","2010","Nevada","32","320","Nevada",2700551,
"G330","2010","New Hampshire","33","330","New Hampshire",1316470,
"G340","2010","New Jersey","34","340","New Jersey",8791894,
"G350","2010","New Mexico","35","350","New Mexico",2059179,
"G360","2010","New York","36","360","New York",19378102,
"G370","2010","North Carolina","37","370","North Carolina",9535483,
"G380","2010","North Dakota","38","380","North Dakota",672591,
"G390","2010","Ohio","39","390","Ohio",11536504,
"G400","2010","Oklahoma","40","400","Oklahoma",3751351,
"G410","2010","Oregon","41","410","Oregon",3831074,
"G420","2010","Pennsylvania","42","420","Pennsylvania",12702379,
"G440","2010","Rhode Island","44","440","Rhode Island",1052567,
"G450","2010","South Carolina","45","450","South Carolina",4625364,
"G460","2010","South Dakota","46","460","South Dakota",814180,
"G470","2010","Tennessee","47","470","Tennessee",6346105,
"G480","2010","Texas","48","480","Texas",25145561,
"G490","2010","Utah","49","490","Utah",2763885,
"G500","2010","Vermont","50","500","Vermont",625741,
"G510","2010","Virginia","51","510","Virginia",8001024,
"G530","2010","Washington","53","530","Washington",6724540,
"G540","2010","West Virginia","54","540","West Virginia",1852994,
"G550","2010","Wisconsin","55","550","Wisconsin",5686986,
"G560","2010","Wyoming","56","560","Wyoming",563626,
"G720","2010","Puerto Rico","72","720","Puerto Rico",3725789,
"G010","2006-2010","Alabama","01","010","Alabama",4712651,0
"G020","2006-2010","Alaska","02","020","Alaska",691189,0
"G040","2006-2010","Arizona","04","040","Arizona",6246816,0
"G050","2006-2010","Arkansas","05","050","Arkansas",2872684,0
"G060","2006-2010","California","06","060","California",36637290,0
"G080","2006-2010","Colorado","08","080","Colorado",4887061,0
"G090","2006-2010","Connecticut","09","090","Connecticut",3545837,0
"G100","2006-2010","Delaware","10","100","Delaware",881278,0
"G110","2006-2010","District of Columbia","11","110","District of Columbia",584400,0
"G120","2006-2010","Florida","12","120","Florida",18511620,0
"G130","2006-2010","Georgia","13","130","Georgia",9468815,0
"G150","2006-2010","Hawaii","15","150","Hawaii",1333591,0
"G160","2006-2010","Idaho","16","160","Idaho",1526797,0
"G170","2006-2010","Illinois","17","170","Illinois",12745359,0
"G180","2006-2010","Indiana","18","180","Indiana",6417398,0
"G190","2006-2010","Iowa","19","190","Iowa",3016267,0
"G200","2006-2010","Kansas","20","200","Kansas",2809329,0
"G210","2006-2010","Kentucky","21","210","Kentucky",4285828,0
"G220","2006-2010","Louisiana","22","220","Louisiana",4429940,0
"G230","2006-2010","Maine","23","230","Maine",1327665,0
"G240","2006-2010","Maryland","24","240","Maryland",5696423,0
"G250","2006-2010","Massachusetts","25","250","Massachusetts",6477096,0
"G260","2006-2010","Michigan","26","260","Michigan",9952687,0
"G270","2006-2010","Minnesota","27","270","Minnesota",5241914,0
"G280","2006-2010","Mississippi","28","280","Mississippi",2941991,0
"G290","2006-2010","Missouri","29","290","Missouri",5922314,0
"G300","2006-2010","Montana","30","300","Montana",973739,0
"G310","2006-2010","Nebraska","31","310","Nebraska",1799125,0
"G320","2006-2010","Nevada","32","320","Nevada",2633331,0
"G330","2006-2010","New Hampshire","33","330","New Hampshire",1313939,0
"G340","2006-2010","New Jersey","34","340","New Jersey",8721577,0
"G350","2006-2010","New Mexico","35","350","New Mexico",2013122,0
"G360","2006-2010","New York","36","360","New York",19229752,0
"G370","2006-2010","North Carolina","37","370","North Carolina",9271178,0
"G380","2006-2010","North Dakota","38","380","North Dakota",659858,0
"G390","2006-2010","Ohio","39","390","Ohio",11512431,0
"G400","2006-2010","Oklahoma","40","400","Oklahoma",3675339,0
"G410","2006-2010","Oregon","41","410","Oregon",3761925,0
"G420","2006-2010","Pennsylvania","42","420","Pennsylvania",12612705,0
"G440","2006-2010","Rhode Island","44","440","Rhode Island",1056389,0
"G450","2006-2010","South Carolina","45","450","South Carolina",4511428,0
"G460","2006-2010","South Dakota","46","460","South Dakota",799462,0
"G470","2006-2010","Tennessee","47","470","Tennessee",6234968,0
"G480","2006-2010","Texas","48","480","Texas",24311891,0
"G490","2006-2010","Utah","49","490","Utah",2657236,0
"G500","2006-2010","Vermont","50","500","Vermont",624258,0
"G510","2006-2010","Virginia","51","510","Virginia",7841754,0
"G530","2006-2010","Washington","53","530","Washington",6561297,0
"G540","2006-2010","West Virginia","54","540","West Virginia",1840802,0
"G550","2006-2010","Wisconsin","55","550","Wisconsin",5637947,0
"G560","2006-2010","Wyoming","56","560","Wyoming",545579,0
"G720","2006-2010","Puerto Rico","72","720","Puerto Rico",3762322,0
"G010","2007-2011","Alabama","01","010","Alabama",4747424,0
"G020","2007-2011","Alaska","02","020","Alaska",700703,0
"G040","2007-2011","Arizona","04","040","Arizona",6337373,0
"G050","2007-2011","Arkansas","05","050","Arkansas",2895928,0
"G060","2007-2011","California","06","060","California",36969200,0
"G080","2007-2011","Colorado","08","080","Colorado",4966061,0
"G090","2007-2011","Connecticut","09","090","Connecticut",3558172,0
"G100","2007-2011","Delaware","10","100","Delaware",890856,0
"G110","2007-2011","District of Columbia","11","110","District of Columbia",593955,0
"G120","2007-2011","Florida","12","120","Florida",18688787,0
"G130","2007-2011","Georgia","13","130","Georgia",9600612,0
"G150","2007-2011","Hawaii","15","150","Hawaii",1346554,0
"G160","2007-2011","Idaho","16","160","Idaho",1549987,0
"G170","2007-2011","Illinois","17","170","Illinois",12790182,0
"G180","2007-2011","Indiana","18","180","Indiana",6454254,0
"G190","2007-2011","Iowa","19","190","Iowa",3032266,0
"G200","2007-2011","Kansas","20","200","Kansas",2830985,0
"G210","2007-2011","Kentucky","21","210","Kentucky",4316040,0
"G220","2007-2011","Louisiana","22","220","Louisiana",4484596,0
"G230","2007-2011","Maine","23","230","Maine",1328543,0
"G240","2007-2011","Maryland","24","240","Maryland",5736545,0
"G250","2007-2011","Massachusetts","25","250","Massachusetts",6512227,0
"G260","2007-2011","Michigan","26","260","Michigan",9920621,0
"G270","2007-2011","Minnesota","27","270","Minnesota",5278190,0
"G280","2007-2011","Mississippi","28","280","Mississippi",2956700,0
"G290","2007-2011","Missouri","29","290","Missouri",5955802,0
"G300","2007-2011","Montana","30","300","Montana",982854,0
"G310","2007-2011","Nebraska","31","310","Nebraska",1813061,0
"G320","2007-2011","Nevada","32","320","Nevada",2673396,0
"G330","2007-2011","New Hampshire","33","330","New Hampshire",1315911,0
"G340","2007-2011","New Jersey","34","340","New Jersey",8753064,0
"G350","2007-2011","New Mexico","35","350","New Mexico",2037136,0
"G360","2007-2011","New York","36","360","New York",19302448,0
"G370","2007-2011","North Carolina","37","370","North Carolina",9418736,0
"G380","2007-2011","North Dakota","38","380","North Dakota",666783,0
"G390","2007-2011","Ohio","39","390","Ohio",11525536,0
"G400","2007-2011","Oklahoma","40","400","Oklahoma",3714520,0
"G410","2007-2011","Oregon","41","410","Oregon",3801991,0
"G420","2007-2011","Pennsylvania","42","420","Pennsylvania",12660739,0
"G440","2007-2011","Rhode Island","44","440","Rhode Island",1053959,0
"G450","2007-2011","South Carolina","45","450","South Carolina",4575864,0
"G460","2007-2011","South Dakota","46","460","South Dakota",807697,0
"G470","2007-2011","Tennessee","47","470","Tennessee",6297991,0
"G480","2007-2011","Texas","48","480","Texas",24774187,0
"G490","2007-2011","Utah","49","490","Utah",2715379,0
"G500","2007-2011","Vermont","50","500","Vermont",624958,0
"G510","2007-2011","Virginia","51","510","Virginia",7926192,0
"G530","2007-2011","Washington","53","530","Washington",6652845,0
"G540","2007-2011","West Virginia","54","540","West Virginia",1846372,0
"G550","2007-2011","Wisconsin","55","550","Wisconsin",5664893,0
"G560","2007-2011","Wyoming","56","560","Wyoming",554697,0
"G720","2007-2011","Puerto Rico","72","720","Puerto Rico",3742586,0
"G010","2008-2012","Alabama","01","010","Alabama",4777326,0
"G020","2008-2012","Alaska","02","020","Alaska",711139,0
"G040","2008-2012","Arizona","04","040","Arizona",6410979,0
"G050","2008-2012","Arkansas","05","050","Arkansas",2916372,0
"G060","2008-2012","California","06","060","California",37325068,0
"G080","2008-2012","Colorado","08","080","Colorado",5042853,0
"G090","2008-2012","Connecticut","09","090","Connecticut",3572213,0
"G100","2008-2012","Delaware","10","100","Delaware",900131,0
"G110","2008-2012","District of Columbia","11","110","District of Columbia",605759,0
"G120","2008-2012","Florida","12","120","Florida",18885152,0
"G130","2008-2012","Georgia","13","130","Georgia",9714569,0
"G150","2008-2012","Hawaii","15","150","Hawaii",1362730,0
"G160","2008-2012","Idaho","16","160","Idaho",1567803,0
"G170","2008-2012","Illinois","17","170","Illinois",12823860,0
"G180","2008-2012","Indiana","18","180","Indiana",6485530,0
"G190","2008-2012","Iowa","19","190","Iowa",3047646,0
"G200","2008-2012","Kansas","20","200","Kansas",2851183,0
"G210","2008-2012","Kentucky","21","210","Kentucky",4340167,0
"G220","2008-2012","Louisiana","22","220","Louisiana",4529605,0
"G230","2008-2012","Maine","23","230","Maine",1329084,0
"G240","2008-2012","Maryland","24","240","Maryland",5785496,0
"G250","2008-2012","Massachusetts","25","250","Massachusetts",6560595,0
"G260","2008-2012","Michigan","26","260","Michigan",9897264,0
"G270","2008-2012","Minnesota","27","270","Minnesota",5313081,0
"G280","2008-2012","Mississippi","28","280","Mississippi",2967620,0
"G290","2008-2012","Missouri","29","290","Missouri",5982413,0
"G300","2008-2012","Montana","30","300","Montana",990785,0
"G310","2008-2012","Nebraska","31","310","Nebraska",1827306,0
"G320","2008-2012","Nevada","32","320","Nevada",2704204,0
"G330","2008-2012","New Hampshire","33","330","New Hampshire",1317474,0
"G340","2008-2012","New Jersey","34","340","New Jersey",8793888,0
"G350","2008-2012","New Mexico","35","350","New Mexico",2055287,0
"G360","2008-2012","New York","36","360","New York",19398125,0
"G370","2008-2012","North Carolina","37","370","North Carolina",9544249,0
"G380","2008-2012","North Dakota","38","380","North Dakota",676253,0
"G390","2008-2012","Ohio","39","390","Ohio",11533561,0
"G400","2008-2012","Oklahoma","40","400","Oklahoma",3749005,0
"G410","2008-2012","Oregon","41","410","Oregon",3836628,0
"G420","2008-2012","Pennsylvania","42","420","Pennsylvania",12699589,0
"G440","2008-2012","Rhode Island","44","440","Rhode Island",1052471,0
"G450","2008-2012","South Carolina","45","450","South Carolina",4630351,0
"G460","2008-2012","South Dakota","46","460","South Dakota",815871,0
"G470","2008-2012","Tennessee","47","470","Tennessee",6353226,0
"G480","2008-2012","Texas","48","480","Texas",25208897,0
"G490","2008-2012","Utah","49","490","Utah",2766233,0
"G500","2008-2012","Vermont","50","500","Vermont",625498,0
"G510","2008-2012","Virginia","51","510","Virginia",8014955,0
"G530","2008-2012","Washington","53","530","Washington",6738714,0
"G540","2008-2012","West Virginia","54","540","West Virginia",1850481,0
"G550","2008-2012","Wisconsin","55","550","Wisconsin",5687219,0
"G560","2008-2012","Wyoming","56","560","Wyoming",562803,0
"G720","2008-2012","Puerto Rico","72","720","Puerto Rico",3716727,0
"G010","2009-2013","Alabama","01","010","Alabama",4799277,0
"G020","2009-2013","Alaska","02","020","Alaska",720316,0
"G040","2009-2013","Arizona","04","040","Arizona",6479703,0
"G050","2009-2013","Arkansas","05","050","Arkansas",2933369,0
"G060","2009-2013","California","06","060","California",37659181,0
"G080","2009-2013","Colorado","08","080","Colorado",5119329,0
"G090","2009-2013","Connecticut","09","090","Connecticut",3583561,0
"G100","2009-2013","Delaware","10","100","Delaware",908446,0
"G110","2009-2013","District of Columbia","11","110","District of Columbia",619371,0
"G120","2009-2013","Florida","12","120","Florida",19091156,0
"G130","2009-2013","Georgia","13","130","Georgia",9810417,0
"G150","2009-2013","Hawaii","15","150","Hawaii",1376298,0
"G160","2009-2013","Idaho","16","160","Idaho",1583364,0
"G170","2009-2013","Illinois","17","170","Illinois",12848554,0
"G180","2009-2013","Indiana","18","180","Indiana",6514861,0
"G190","2009-2013","Iowa","19","190","Iowa",3062553,0
"G200","2009-2013","Kansas","20","200","Kansas",2868107,0
"G210","2009-2013","Kentucky","21","210","Kentucky",4361333,0
"G220","2009-2013","Louisiana","22","220","Louisiana",4567968,0
"G230","2009-2013","Maine","23","230","Maine",1328320,0
"G240","2009-2013","Maryland","24","240","Maryland",5834299,0
"G250","2009-2013","Massachusetts","25","250","Massachusetts",6605058,0
"G260","2009-2013","Michigan","26","260","Michigan",9886095,0
"G270","2009-2013","Minnesota","27","270","Minnesota",5347740,0
"G280","2009-2013","Mississippi","28","280","Mississippi",2976872,0
"G290","2009-2013","Missouri","29","290","Missouri",6007182,0
"G300","2009-2013","Montana","30","300","Montana",998554,0
"G310","2009-2013","Nebraska","31","310","Nebraska",1841625,0
"G320","2009-2013","Nevada","32","320","Nevada",2730066,0
"G330","2009-2013","New Hampshire","33","330","New Hampshire",1319171,0
"G340","2009-2013","New Jersey","34","340","New Jersey",8832406,0
"G350","2009-2013","New Mexico","35","350","New Mexico",2069706,0
"G360","2009-2013","New York","36","360","New York",19487053,0
"G370","2009-2013","North Carolina","37","370","North Carolina",9651380,0
"G380","2009-2013","North Dakota","38","380","North Dakota",689781,0
"G390","2009-2013","Ohio","39","390","Ohio",11549590,0
"G400","2009-2013","Oklahoma","40","400","Oklahoma",3785742,0
"G410","2009-2013","Oregon","41","410","Oregon",3868721,0
"G420","2009-2013","Pennsylvania","42","420","Pennsylvania",12731381,0
"G440","2009-2013","Rhode Island","44","440","Rhode Island",1051695,0
"G450","2009-2013","South Carolina","45","450","South Carolina",4679602,0
"G460","2009-2013","South Dakota","46","460","South Dakota",825198,0
"G470","2009-2013","Tennessee","47","470","Tennessee",6402387,0
"G480","2009-2013","Texas","48","480","Texas",25639373,0
"G490","2009-2013","Utah","49","490","Utah",2813673,0
"G500","2009-2013","Vermont","50","500","Vermont",625904,0
"G510","2009-2013","Virginia","51","510","Virginia",8100653,0
"G530","2009-2013","Washington","53","530","Washington",6819579,0
"G540","2009-2013","West Virginia","54","540","West Virginia",1853619,0
"G550","2009-2013","Wisconsin","55","550","Wisconsin",5706871,0
"G560","2009-2013","Wyoming","56","560","Wyoming",570134,0
"G720","2009-2013","Puerto Rico","72","720","Puerto Rico",3682966,0
"G010","2010-2014","Alabama","01","010","Alabama",4817678,0
"G020","2010-2014","Alaska","02","020","Alaska",728300,0
"G040","2010-2014","Arizona","04","040","Arizona",6561516,0
"G050","2010-2014","Arkansas","05","050","Arkansas",2947036,0
"G060","2010-2014","California","06","060","California",38066920,0
"G080","2010-2014","Colorado","08","080","Colorado",5197580,0
"G090","2010-2014","Connecticut","09","090","Connecticut",3592053,0
"G100","2010-2014","Delaware","10","100","Delaware",917060,0
"G110","2010-2014","District of Columbia","11","110","District of Columbia",633736,0
"G120","2010-2014","Florida","12","120","Florida",19361792,0
"G130","2010-2014","Georgia","13","130","Georgia",9907756,0
"G150","2010-2014","Hawaii","15","150","Hawaii",1392704,0
"G160","2010-2014","Idaho","16","160","Idaho",1599464,0
"G170","2010-2014","Illinois","17","170","Illinois",12868747,0
"G180","2010-2014","Indiana","18","180","Indiana",6542411,0
"G190","2010-2014","Iowa","19","190","Iowa",3078116,0
"G200","2010-2014","Kansas","20","200","Kansas",2882946,0
"G210","2010-2014","Kentucky","21","210","Kentucky",4383272,0
"G220","2010-2014","Louisiana","22","220","Louisiana",4601049,0
"G230","2010-2014","Maine","23","230","Maine",1328535,0
"G240","2010-2014","Maryland","24","240","Maryland",5887776,0
"G250","2010-2014","Massachusetts","25","250","Massachusetts",6657291,0
"G260","2010-2014","Michigan","26","260","Michigan",9889024,0
"G270","2010-2014","Minnesota","27","270","Minnesota",5383661,0
"G280","2010-2014","Mississippi","28","280","Mississippi",2984345,0
"G290","2010-2014","Missouri","29","290","Missouri",6028076,0
"G300","2010-2014","Montana","30","300","Montana",1006370,0
"G310","2010-2014","Nebraska","31","310","Nebraska",1855617,0
"G320","2010-2014","Nevada","32","320","Nevada",2761584,0
"G330","2010-2014","New Hampshire","33","330","New Hampshire",1321069,0
"G340","2010-2014","New Jersey","34","340","New Jersey",8874374,0
"G350","2010-2014","New Mexico","35","350","New Mexico",2080085,0
"G360","2010-2014","New York","36","360","New York",19594330,0
"G370","2010-2014","North Carolina","37","370","North Carolina",9750405,0
"G380","2010-2014","North Dakota","38","380","North Dakota",704925,0
"G390","2010-2014","Ohio","39","390","Ohio",11560380,0
"G400","2010-2014","Oklahoma","40","400","Oklahoma",3818851,0
"G410","2010-2014","Oregon","41","410","Oregon",3900343,0
"G420","2010-2014","Pennsylvania","42","420","Pennsylvania",12758729,0
"G440","2010-2014","Rhode Island","44","440","Rhode Island",1053252,0
"G450","2010-2014","South Carolina","45","450","South Carolina",4727273,0
"G460","2010-2014","South Dakota","46","460","South Dakota",834708,0
"G470","2010-2014","Tennessee","47","470","Tennessee",6451365,0
"G480","2010-2014","Texas","48","480","Texas",26092033,0
"G490","2010-2014","Utah","49","490","Utah",2858111,0
"G500","2010-2014","Vermont","50","500","Vermont",626358,0
"G510","2010-2014","Virginia","51","510","Virginia",8185131,0
"G530","2010-2014","Washington","53","530","Washington",6899123,0
"G540","2010-2014","West Virginia","54","540","West Virginia",1853881,0
"G550","2010-2014","Wisconsin","55","550","Wisconsin",5724692,0
"G560","2010-2014","Wyoming","56","560","Wyoming",575251,0
"G720","2010-2014","Puerto Rico","72","720","Puerto Rico",3638965,0
"G010","2011-2015","Alabama","01","010","Alabama",4830620,0
"G020","2011-2015","Alaska","02","020","Alaska",733375,0
"G040","2011-2015","Arizona","04","040","Arizona",6641928,0
"G050","2011-2015","Arkansas","05","050","Arkansas",2958208,0
"G060","2011-2015","California","06","060","California",38421464,0
"G080","2011-2015","Colorado","08","080","Colorado",5278906,0
"G090","2011-2015","Connecticut","09","090","Connecticut",3593222,0
"G100","2011-2015","Delaware","10","100","Delaware",926454,0
"G110","2011-2015","District of Columbia","11","110","District of Columbia",647484,0
"G120","2011-2015","Florida","12","120","Florida",19645772,0
"G130","2011-2015","Georgia","13","130","Georgia",10006693,0
"G150","2011-2015","Hawaii","15","150","Hawaii",1406299,0
"G160","2011-2015","Idaho","16","160","Idaho",1616547,0
"G170","2011-2015","Illinois","17","170","Illinois",12873761,0
"G180","2011-2015","Indiana","18","180","Indiana",6568645,0
"G190","2011-2015","Iowa","19","190","Iowa",3093526,0
"G200","2011-2015","Kansas","20","200","Kansas",2892987,0
"G210","2011-2015","Kentucky","21","210","Kentucky",4397353,0
"G220","2011-2015","Louisiana","22","220","Louisiana",4625253,0
"G230","2011-2015","Maine","23","230","Maine",1329100,0
"G240","2011-2015","Maryland","24","240","Maryland",5930538,0
"G250","2011-2015","Massachusetts","25","250","Massachusetts",6705586,0
"G260","2011-2015","Michigan","26","260","Michigan",9900571,0
"G270","2011-2015","Minnesota","27","270","Minnesota",5419171,0
"G280","2011-2015","Mississippi","28","280","Mississippi",2988081,0
"G290","2011-2015","Missouri","29","290","Missouri",6045448,0
"G300","2011-2015","Montana","30","300","Montana",1014699,0
"G310","2011-2015","Nebraska","31","310","Nebraska",1869365,0
"G320","2011-2015","Nevada","32","320","Nevada",2798636,0
"G330","2011-2015","New Hampshire","33","330","New Hampshire",1324201,0
"G340","2011-2015","New Jersey","34","340","New Jersey",8904413,0
"G350","2011-2015","New Mexico","35","350","New Mexico",2084117,0
"G360","2011-2015","New York","36","360","New York",19673174,0
"G370","2011-2015","North Carolina","37","370","North Carolina",9845333,0
"G380","2011-2015","North Dakota","38","380","North Dakota",721640,0
"G390","2011-2015","Ohio","39","390","Ohio",11575977,0
"G400","2011-2015","Oklahoma","40","400","Oklahoma",3849733,0
"G410","2011-2015","Oregon","41","410","Oregon",3939233,0
"G420","2011-2015","Pennsylvania","42","420","Pennsylvania",12779559,0
"G440","2011-2015","Rhode Island","44","440","Rhode Island",1053661,0
"G450","2011-2015","South Carolina","45","450","South Carolina",4777576,0
"G460","2011-2015","South Dakota","46","460","South Dakota",843190,0
"G470","2011-2015","Tennessee","47","470","Tennessee",6499615,0
"G480","2011-2015","Texas","48","480","Texas",26538614,0
"G490","2011-2015","Utah","49","490","Utah",2903379,0
"G500","2011-2015","Vermont","50","500","Vermont",626604,0
"G510","2011-2015","Virginia","51","510","Virginia",8256630,0
"G530","2011-2015","Washington","53","530","Washington",6985464,0
"G540","2011-2015","West Virginia","54","540","West Virginia",1851420,0
"G550","2011-2015","Wisconsin","55","550","Wisconsin",5742117,0
"G560","2011-2015","Wyoming","56","560","Wyoming",579679,0
"G720","2011-2015","Puerto Rico","72","720","Puerto Rico",3583073,0
"G010","2012-2016","Alabama","01","010","Alabama",4841164,0
"G020","2012-2016","Alaska","02","020","Alaska",736855,0
"G040","2012-2016","Arizona","04","040","Arizona",6728577,0
"G050","2012-2016","Arkansas","05","050","Arkansas",2968472,0
"G060","2012-2016","California","06","060","California",38654206,0
"G080","2012-2016","Colorado","08","080","Colorado",5359295,0
"G090","2012-2016","Connecticut","09","090","Connecticut",3588570,0
"G100","2012-2016","Delaware","10","100","Delaware",934695,0
"G110","2012-2016","District of Columbia","11","110","District of Columbia",659009,0
"G120","2012-2016","Florida","12","120","Florida",19934451,0
"G130","2012-2016","Georgia","13","130","Georgia",10099320,0
"G150","2012-2016","Hawaii","15","150","Hawaii",1413673,0
"G160","2012-2016","Idaho","16","160","Idaho",1635483,0
"G170","2012-2016","Illinois","17","170","Illinois",12851684,0
"G180","2012-2016","Indiana","18","180","Indiana",6589578,0
"G190","2012-2016","Iowa","19","190","Iowa",3106589,0
"G200","2012-2016","Kansas","20","200","Kansas",2898292,0
"G210","2012-2016","Kentucky","21","210","Kentucky",4411989,0
"G220","2012-2016","Louisiana","22","220","Louisiana",4645670,0
"G230","2012-2016","Maine","23","230","Maine",1329923,0
"G240","2012-2016","Maryland","24","240","Maryland",5959902,0
"G250","2012-2016","Massachusetts","25","250","Massachusetts",6742143,0
"G260","2012-2016","Michigan","26","260","Michigan",9909600,0
"G270","2012-2016","Minnesota","27","270","Minnesota",5450868,0
"G280","2012-2016","Mississippi","28","280","Mississippi",2989192,0
"G290","2012-2016","Missouri","29","290","Missouri",6059651,0
"G300","2012-2016","Montana","30","300","Montana",1023391,0
"G310","2012-2016","Nebraska","31","310","Nebraska",1881259,0
"G320","2012-2016","Nevada","32","320","Nevada",2839172,0
"G330","2012-2016","New Hampshire","33","330","New Hampshire",1327503,0
"G340","2012-2016","New Jersey","34","340","New Jersey",8915456,0
"G350","2012-2016","New Mexico","35","350","New Mexico",2082669,0
"G360","2012-2016","New York","36","360","New York",19697457,0
"G370","2012-2016","North Carolina","37","370","North Carolina",9940828,0
"G380","2012-2016","North Dakota","38","380","North Dakota",736162,0
"G390","2012-2016","Ohio","39","390","Ohio",11586941,0
"G400","2012-2016","Oklahoma","40","400","Oklahoma",3875589,0
"G410","2012-2016","Oregon","41","410","Oregon",3982267,0
"G420","2012-2016","Pennsylvania","42","420","Pennsylvania",12783977,0
"G440","2012-2016","Rhode Island","44","440","Rhode Island",1054491,0
"G450","2012-2016","South Carolina","45","450","South Carolina",4834605,0
"G460","2012-2016","South Dakota","46","460","South Dakota",851058,0
"G470","2012-2016","Tennessee","47","470","Tennessee",6548009,0
"G480","2012-2016","Texas","48","480","Texas",26956435,0
"G490","2012-2016","Utah","49","490","Utah",2948427,0
"G500","2012-2016","Vermont","50","500","Vermont",626249,0
"G510","2012-2016","Virginia","51","510","Virginia",8310301,0
"G530","2012-2016","Washington","53","530","Washington",7073146,0
"G540","2012-2016","West Virginia","54","540","West Virginia",1846092,0
"G550","2012-2016","Wisconsin","55","550","Wisconsin",5754798,0
"G560","2012-2016","Wyoming","56","560","Wyoming",583029,0
"G720","2012-2016","Puerto Rico","72","720","Puerto Rico",3529385,0
"G010","2013-2017","Alabama","01","010","Alabama",4850771,0
"G020","2013-2017","Alaska","02","020","Alaska",738565,0
"G040","2013-2017","Arizona","04","040","Arizona",6809946,0
"G050","2013-2017","Arkansas","05","050","Arkansas",2977944,0
"G060","2013-2017","California","06","060","California",38982847,0
"G080","2013-2017","Colorado","08","080","Colorado",5436519,0
"G090","2013-2017","Connecticut","09","090","Connecticut",3594478,0
"G100","2013-2017","Delaware","10","100","Delaware",943732,0
"G110","2013-2017","District of Columbia","11","110","District of Columbia",672391,0
"G120","2013-2017","Florida","12","120","Florida",20278447,0
"G130","2013-2017","Georgia","13","130","Georgia",10201635,0
"G150","2013-2017","Hawaii","15","150","Hawaii",1421658,0
"G160","2013-2017","Idaho","16","160","Idaho",1657375,0
"G170","2013-2017","Illinois","17","170","Illinois",12854526,0
"G180","2013-2017","Indiana","18","180","Indiana",6614418,0
"G190","2013-2017","Iowa","19","190","Iowa",3118102,0
"G200","2013-2017","Kansas","20","200","Kansas",2903820,0
"G210","2013-2017","Kentucky","21","210","Kentucky",4424376,0
"G220","2013-2017","Louisiana","22","220","Louisiana",4663461,0
"G230","2013-2017","Maine","23","230","Maine",1330158,0
"G240","2013-2017","Maryland","24","240","Maryland",5996079,0
"G250","2013-2017","Massachusetts","25","250","Massachusetts",6789319,0
"G260","2013-2017","Michigan","26","260","Michigan",9925568,0
"G270","2013-2017","Minnesota","27","270","Minnesota",5490726,0
"G280","2013-2017","Mississippi","28","280","Mississippi",2986220,0
"G290","2013-2017","Missouri","29","290","Missouri",6075300,0
"G300","2013-2017","Montana","30","300","Montana",1029862,0
"G310","2013-2017","Nebraska","31","310","Nebraska",1893921,0
"G320","2013-2017","Nevada","32","320","Nevada",2887725,0
"G330","2013-2017","New Hampshire","33","330","New Hampshire",1331848,0
"G340","2013-2017","New Jersey","34","340","New Jersey",8960161,0
"G350","2013-2017","New Mexico","35","350","New Mexico",2084828,0
"G360","2013-2017","New York","36","360","New York",19798228,0
"G370","2013-2017","North Carolina","37","370","North Carolina",10052564,0
"G380","2013-2017","North Dakota","38","380","North Dakota",745475,0
"G390","2013-2017","Ohio","39","390","Ohio",11609756,0
"G400","2013-2017","Oklahoma","40","400","Oklahoma",3896251,0
"G410","2013-2017","Oregon","41","410","Oregon",4025127,0
"G420","2013-2017","Pennsylvania","42","420","Pennsylvania",12790505,0
"G440","2013-2017","Rhode Island","44","440","Rhode Island",1056138,0
"G450","2013-2017","South Carolina","45","450","South Carolina",4893444,0
"G460","2013-2017","South Dakota","46","460","South Dakota",855444,0
"G470","2013-2017","Tennessee","47","470","Tennessee",6597381,0
"G480","2013-2017","Texas","48","480","Texas",27419612,0
"G490","2013-2017","Utah","49","490","Utah",2993941,0
"G500","2013-2017","Vermont","50","500","Vermont",624636,0
"G510","2013-2017","Virginia","51","510","Virginia",8365952,0
"G530","2013-2017","Washington","53","530","Washington",7169967,0
"G540","2013-2017","West Virginia","54","540","West Virginia",1836843,0
"G550","2013-2017","Wisconsin","55","550","Wisconsin",5763217,0
"G560","2013-2017","Wyoming","56","560","Wyoming",583200,0
"G720","2013-2017","Puerto Rico","72","720","Puerto Rico",3468963,0
"G010","2014-2018","Alabama","01","010","Alabama",4864680,0
"G020","2014-2018","Alaska","02","020","Alaska",738516,0
"G040","2014-2018","Arizona","04","040","Arizona",6946685,0
"G050","2014-2018","Arkansas","05","050","Arkansas",2990671,0
"G060","2014-2018","California","06","060","California",39148760,0
"G080","2014-2018","Colorado","08","080","Colorado",5531141,0
"G090","2014-2018","Connecticut","09","090","Connecticut",3581504,0
"G100","2014-2018","Delaware","10","100","Delaware",949495,0
"G110","2014-2018","District of Columbia","11","110","District of Columbia",684498,0
"G120","2014-2018","Florida","12","120","Florida",20598139,0
"G130","2014-2018","Georgia","13","130","Georgia",10297484,0
"G150","2014-2018","Hawaii","15","150","Hawaii",1422029,0
"G160","2014-2018","Idaho","16","160","Idaho",1687809,0
"G170","2014-2018","Illinois","17","170","Illinois",12821497,0
"G180","2014-2018","Indiana","18","180","Indiana",6637426,0
"G190","2014-2018","Iowa","19","190","Iowa",3132499,0
"G200","2014-2018","Kansas","20","200","Kansas",2908776,0
"G210","2014-2018","Kentucky","21","210","Kentucky",4440204,0
"G220","2014-2018","Louisiana","22","220","Louisiana",4663616,0
"G230","2014-2018","Maine","23","230","Maine",1332813,0
"G240","2014-2018","Maryland","24","240","Maryland",6003435,0
"G250","2014-2018","Massachusetts","25","250","Massachusetts",6830193,0
"G260","2014-2018","Michigan","26","260","Michigan",9957488,0
"G270","2014-2018","Minnesota","27","270","Minnesota",5527358,0
"G280","2014-2018","Mississippi","28","280","Mississippi",2988762,0
"G290","2014-2018","Missouri","29","290","Missouri",6090062,0
"G300","2014-2018","Montana","30","300","Montana",1041732,0
"G310","2014-2018","Nebraska","31","310","Nebraska",1904760,0
"G320","2014-2018","Nevada","32","320","Nevada",2922849,0
"G330","2014-2018","New Hampshire","33","330","New Hampshire",1343622,0
"G340","2014-2018","New Jersey","34","340","New Jersey",8881845,0
"G350","2014-2018","New Mexico","35","350","New Mexico",2092434,0
"G360","2014-2018","New York","36","360","New York",19618453,0
"G370","2014-2018","North Carolina","37","370","North Carolina",10155624,0
"G380","2014-2018","North Dakota","38","380","North Dakota",752201,0
"G390","2014-2018","Ohio","39","390","Ohio",11641879,0
"G400","2014-2018","Oklahoma","40","400","Oklahoma",3918137,0
"G410","2014-2018","Oregon","41","410","Oregon",4081943,0
"G420","2014-2018","Pennsylvania","42","420","Pennsylvania",12791181,0
"G440","2014-2018","Rhode Island","44","440","Rhode Island",1056611,0
"G450","2014-2018","South Carolina","45","450","South Carolina",4955925,0
"G460","2014-2018","South Dakota","46","460","South Dakota",864289,0
"G470","2014-2018","Tennessee","47","470","Tennessee",6651089,0
"G480","2014-2018","Texas","48","480","Texas",27885195,0
"G490","2014-2018","Utah","49","490","Utah",3045350,0
"G500","2014-2018","Vermont","50","500","Vermont",624977,0
"G510","2014-2018","Virginia","51","510","Virginia",8413774,0
"G530","2014-2018","Washington","53","530","Washington",7294336,0
"G540","2014-2018","West Virginia","54","540","West Virginia",1829054,0
"G550","2014-2018","Wisconsin","55","550","Wisconsin",5778394,0
"G560","2014-2018","Wyoming","56","560","Wyoming",581836,0
"G720","2014-2018","Puerto Rico","72","720","Puerto Rico",3386941,0
"G010","2015-2019","Alabama","01","010","Alabama",4876250,0
"G020","2015-2019","Alaska","02","020","Alaska",737068,0
"G040","2015-2019","Arizona","04","040","Arizona",7050299,0
"G050","2015-2019","Arkansas","05","050","Arkansas",2999370,0
"G060","2015-2019","California","06","060","California",39283497,0
"G080","2015-2019","Colorado","08","080","Colorado",5610349,0
"G090","2015-2019","Connecticut","09","090","Connecticut",3575074,0
"G100","2015-2019","Delaware","10","100","Delaware",957248,0
"G110","2015-2019","District of Columbia","11","110","District of Columbia",692683,0
"G120","2015-2019","Florida","12","120","Florida",20901636,0
"G130","2015-2019","Georgia","13","130","Georgia",10403847,0
"G150","2015-2019","Hawaii","15","150","Hawaii",1422094,0
"G160","2015-2019","Idaho","16","160","Idaho",1717750,0
"G170","2015-2019","Illinois","17","170","Illinois",12770631,0
"G180","2015-2019","Indiana","18","180","Indiana",6665703,0
"G190","2015-2019","Iowa","19","190","Iowa",3139508,0
"G200","2015-2019","Kansas","20","200","Kansas",2910652,0
"G210","2015-2019","Kentucky","21","210","Kentucky",4449052,0
"G220","2015-2019","Louisiana","22","220","Louisiana",4664362,0
"G230","2015-2019","Maine","23","230","Maine",1335492,0
"G240","2015-2019","Maryland","24","240","Maryland",6018848,0
"G250","2015-2019","Massachusetts","25","250","Massachusetts",6850553,0
"G260","2015-2019","Michigan","26","260","Michigan",9965265,0
"G270","2015-2019","Minnesota","27","270","Minnesota",5563378,0
"G280","2015-2019","Mississippi","28","280","Mississippi",2984418,0
"G290","2015-2019","Missouri","29","290","Missouri",6104910,0
"G300","2015-2019","Montana","30","300","Montana",1050649,0
"G310","2015-2019","Nebraska","31","310","Nebraska",1914571,0
"G320","2015-2019","Nevada","32","320","Nevada",2972382,0
"G330","2015-2019","New Hampshire","33","330","New Hampshire",1348124,0
"G340","2015-2019","New Jersey","34","340","New Jersey",8878503,0
"G350","2015-2019","New Mexico","35","350","New Mexico",2092454,0
"G360","2015-2019","New York","36","360","New York",19572319,0
"G370","2015-2019","North Carolina","37","370","North Carolina",10264876,0
"G380","2015-2019","North Dakota","38","380","North Dakota",756717,0
"G390","2015-2019","Ohio","39","390","Ohio",11655397,0
"G400","2015-2019","Oklahoma","40","400","Oklahoma",3932870,0
"G410","2015-2019","Oregon","41","410","Oregon",4129803,0
"G420","2015-2019","Pennsylvania","42","420","Pennsylvania",12791530,0
"G440","2015-2019","Rhode Island","44","440","Rhode Island",1057231,0
"G450","2015-2019","South Carolina","45","450","South Carolina",5020806,0
"G460","2015-2019","South Dakota","46","460","South Dakota",870638,0
"G470","2015-2019","Tennessee","47","470","Tennessee",6709356,0
"G480","2015-2019","Texas","48","480","Texas",28260856,0
"G490","2015-2019","Utah","49","490","Utah",3096848,0
"G500","2015-2019","Vermont","50","500","Vermont",624313,0
"G510","2015-2019","Virginia","51","510","Virginia",8454463,0
"G530","2015-2019","Washington","53","530","Washington",7404107,0
"G540","2015-2019","West Virginia","54","540","West Virginia",1817305,0
"G550","2015-2019","Wisconsin","55","550","Wisconsin",5790716,0
"G560","2015-2019","Wyoming","56","560","Wyoming",581024,0
"G720","2015-2019","Puerto Rico","72","720","Puerto Rico",3318447,0
"G010","2020","Alabama","01","010","Alabama",5024279,
"G020","2020","Alaska","02","020","Alaska",733391,
"G040","2020","Arizona","04","040","Arizona",7151502,
"G050","2020","Arkansas","05","050","Arkansas",3011524,
"G060","2020","California","06","060","California",39538223,
"G080","2020","Colorado","08","080","Colorado",5773714,
"G090","2020","Connecticut","09","090","Connecticut",3605944,
"G100","2020","Delaware","10","100","Delaware",989948,
"G110","2020","District of Columbia","11","110","District of Columbia",689545,
"G120","2020","Florida","12","120","Florida",21538187,
"G130","2020","Georgia","13","130","Georgia",10711908,
"G150","2020","Hawaii","15","150","Hawaii",1455271,
"G160","2020","Idaho","16","160","Idaho",1839106,
"G170","2020","Illinois","17","170","Illinois",12812508,
"G180","2020","Indiana","18","180","Indiana",6785528,
"G190","2020","Iowa","19","190","Iowa",3190369,
"G200","2020","Kansas","20","200","Kansas",2937880,
"G210","2020","Kentucky","21","210","Kentucky",4505836,
"G220","2020","Louisiana","22","220","Louisiana",4657757,
"G230","2020","Maine","23","230","Maine",1362359,
"G240","2020","Maryland","24","240","Maryland",6177224,
"G250","2020","Massachusetts","25","250","Massachusetts",7029917,
"G260","2020","Michigan","26","260","Michigan",10077331,
"G270","2020","Minnesota","27","270","Minnesota",5706494,
"G280","2020","Mississippi","28","280","Mississippi",2961279,
"G290","2020","Missouri","29","290","Missouri",6154913,
"G300","2020","Montana","30","300","Montana",1084225,
"G310","2020","Nebraska","31","310","Nebraska",1961504,
"G320","2020","Nevada","32","320","Nevada",3104614,
"G330","2020","New Hampshire","33","330","New Hampshire",1377529,
"G340","2020","New Jersey","34","340","New Jersey",9288994,
"G350","2020","New Mexico","35","350","New Mexico",2117522,
"G360","2020","New York","36","360","New York",20201249,
"G370","2020","North Carolina","37","370","North Carolina",10439388,
"G380","2020","North Dakota","38","380","North Dakota",779094,
"G390","2020","Ohio","39","390","Ohio",11799448,
"G400","2020","Oklahoma","40","400","Oklahoma",3959353,
"G410","2020","Oregon","41","410","Oregon",4237256,
"G420","2020","Pennsylvania","42","420","Pennsylvania",13002700,
"G440","2020","Rhode Island","44","440","Rhode Island",1097379,
"G450","2020","South Carolina","45","450","South Carolina",5118425,
"G460","2020","South Dakota","46","460","South Dakota",886667,
"G470","2020","Tennessee","47","470","Tennessee",6910840,
"G480","2020","Texas","48","480","Texas",29145505,
"G490","2020","Utah","49","490","Utah",3271616,
"G500","2020","Vermont","50","500","Vermont",643077,
"G510","2020","Virginia","51","510","Virginia",8631393,
"G530","2020","Washington","53","530","Washington",7705281,
"G540","2020","West Virginia","54","540","West Virginia",1793716,
"G550","2020","Wisconsin","55","550","Wisconsin",5893718,
"G560","2020","Wyoming","56","560","Wyoming",576851,
"G720","2020","Puerto Rico","72","720","Puerto Rico",3285874,
"G010","2016-2020","Alabama","01","010","Alabama",4893186,
"G020","2016-2020","Alaska","02","020","Alaska",736990,
"G040","2016-2020","Arizona","04","040","Arizona",7174064,
"G050","2016-2020","Arkansas","05","050","Arkansas",3011873,
"G060","2016-2020","California","06","060","California",39346023,
"G080","2016-2020","Colorado","08","080","Colorado",5684926,
"G090","2016-2020","Connecticut","09","090","Connecticut",3570549,
"G100","2016-2020","Delaware","10","100","Delaware",967679,
"G110","2016-2020","District of Columbia","11","110","District of Columbia",701974,
"G120","2016-2020","Florida","12","120","Florida",21216924,
"G130","2016-2020","Georgia","13","130","Georgia",10516579,
"G150","2016-2020","Hawaii","15","150","Hawaii",1420074,
"G160","2016-2020","Idaho","16","160","Idaho",1754367,
"G170","2016-2020","Illinois","17","170","Illinois",12716164,
"G180","2016-2020","Indiana","18","180","Indiana",6696893,
"G190","2016-2020","Iowa","19","190","Iowa",3150011,
"G200","2016-2020","Kansas","20","200","Kansas",2912619,
"G210","2016-2020","Kentucky","21","210","Kentucky",4461952,
"G220","2016-2020","Louisiana","22","220","Louisiana",4664616,
"G230","2016-2020","Maine","23","230","Maine",1340825,
"G240","2016-2020","Maryland","24","240","Maryland",6037624,
"G250","2016-2020","Massachusetts","25","250","Massachusetts",6873003,
"G260","2016-2020","Michigan","26","260","Michigan",9973907,
"G270","2016-2020","Minnesota","27","270","Minnesota",5600166,
"G280","2016-2020","Mississippi","28","280","Mississippi",2981835,
"G290","2016-2020","Missouri","29","290","Missouri",6124160,
"G300","2016-2020","Montana","30","300","Montana",1061705,
"G310","2016-2020","Nebraska","31","310","Nebraska",1923826,
"G320","2016-2020","Nevada","32","320","Nevada",3030281,
"G330","2016-2020","New Hampshire","33","330","New Hampshire",1355244,
"G340","2016-2020","New Jersey","34","340","New Jersey",8885418,
"G350","2016-2020","New Mexico","35","350","New Mexico",2097021,
"G360","2016-2020","New York","36","360","New York",19514849,
"G370","2016-2020","North Carolina","37","370","North Carolina",10386227,
"G380","2016-2020","North Dakota","38","380","North Dakota",760394,
"G390","2016-2020","Ohio","39","390","Ohio",11675275,
"G400","2016-2020","Oklahoma","40","400","Oklahoma",3949342,
"G410","2016-2020","Oregon","41","410","Oregon",4176346,
"G420","2016-2020","Pennsylvania","42","420","Pennsylvania",12794885,
"G440","2016-2020","Rhode Island","44","440","Rhode Island",1057798,
"G450","2016-2020","South Carolina","45","450","South Carolina",5091517,
"G460","2016-2020","South Dakota","46","460","South Dakota",879336,
"G470","2016-2020","Tennessee","47","470","Tennessee",6772268,
"G480","2016-2020","Texas","48","480","Texas",28635442,
"G490","2016-2020","Utah","49","490","Utah",3151239,
"G500","2016-2020","Vermont","50","500","Vermont",624340,
"G510","2016-2020","Virginia","51","510","Virginia",8509358,
"G530","2016-2020","Washington","53","530","Washington",7512465,
"G540","2016-2020","West Virginia","54","540","West Virginia",1807426,
"G550","2016-2020","Wisconsin","55","550","Wisconsin",5806975,
"G560","2016-2020","Wyoming","56","560","Wyoming",581348,
"G720","2016-2020","Puerto Rico","72","720","Puerto Rico",3255642,
"G010","2017-2021","Alabama","01","010","Alabama",4997675,
"G020","2017-2021","Alaska","02","020","Alaska",735951,
"G040","2017-2021","Arizona","04","040","Arizona",7079203,
"G050","2017-2021","Arkansas","05","050","Arkansas",3006309,
"G060","2017-2021","California","06","060","California",39455353,
"G080","2017-2021","Colorado","08","080","Colorado",5723176,
"G090","2017-2021","Connecticut","09","090","Connecticut",3605330,
"G100","2017-2021","Delaware","10","100","Delaware",981892,
"G110","2017-2021","District of Columbia","11","110","District of Columbia",683154,
"G120","2017-2021","Florida","12","120","Florida",21339762,
"G130","2017-2021","Georgia","13","130","Georgia",10625615,
"G150","2017-2021","Hawaii","15","150","Hawaii",1453498,
"G160","2017-2021","Idaho","16","160","Idaho",1811617,
"G170","2017-2021","Illinois","17","170","Illinois",12821813,
"G180","2017-2021","Indiana","18","180","Indiana",6751340,
"G190","2017-2021","Iowa","19","190","Iowa",3179090,
"G200","2017-2021","Kansas","20","200","Kansas",2932099,
"G210","2017-2021","Kentucky","21","210","Kentucky",4494141,
"G220","2017-2021","Louisiana","22","220","Louisiana",4657305,
"G230","2017-2021","Maine","23","230","Maine",1357046,
"G240","2017-2021","Maryland","24","240","Maryland",6148545,
"G250","2017-2021","Massachusetts","25","250","Massachusetts",6991852,
"G260","2017-2021","Michigan","26","260","Michigan",10062512,
"G270","2017-2021","Minnesota","27","270","Minnesota",5670472,
"G280","2017-2021","Mississippi","28","280","Mississippi",2967023,
"G290","2017-2021","Missouri","29","290","Missouri",6141534,
"G300","2017-2021","Montana","30","300","Montana",1077978,
"G310","2017-2021","Nebraska","31","310","Nebraska",1951480,
"G320","2017-2021","Nevada","32","320","Nevada",3059238,
"G330","2017-2021","New Hampshire","33","330","New Hampshire",1372175,
"G340","2017-2021","New Jersey","34","340","New Jersey",9234024,
"G350","2017-2021","New Mexico","35","350","New Mexico",2109366,
"G360","2017-2021","New York","36","360","New York",20114745,
"G370","2017-2021","North Carolina","37","370","North Carolina",10367022,
"G380","2017-2021","North Dakota","38","380","North Dakota",773344,
"G390","2017-2021","Ohio","39","390","Ohio",11769923,
"G400","2017-2021","Oklahoma","40","400","Oklahoma",3948136,
"G410","2017-2021","Oregon","41","410","Oregon",4207177,
"G420","2017-2021","Pennsylvania","42","420","Pennsylvania",12970650,
"G440","2017-2021","Rhode Island","44","440","Rhode Island",1091949,
"G450","2017-2021","South Carolina","45","450","South Carolina",5078903,
"G460","2017-2021","South Dakota","46","460","South Dakota",881785,
"G470","2017-2021","Tennessee","47","470","Tennessee",6859497,
"G480","2017-2021","Texas","48","480","Texas",28862581,
"G490","2017-2021","Utah","49","490","Utah",3231370,
"G500","2017-2021","Vermont","50","500","Vermont",641637,
"G510","2017-2021","Virginia","51","510","Virginia",8582479,
"G530","2017-2021","Washington","53","530","Washington",7617364,
"G540","2017-2021","West Virginia","54","540","West Virginia",1801049,
"G550","2017-2021","Wisconsin","55","550","Wisconsin",5871661,
"G560","2017-2021","Wyoming","56","560","Wyoming",576641,
"G720","2017-2021","Puerto Rico","72","720","Puerto Rico",3311274,
